pdb_id,interface_chain_id_1,interface_chain_id_2,interface_chain_type_1,interface_chain_type_2,antibody_chain,antigen_chain
10fj-assembly1,B,A,protein,protein,B,A
10gh-assembly1,B,A,protein,protein,B,A
10gh-assembly1,C,A,protein,protein,C,A
10zo-assembly1,A,B,protein,protein,A,B
11ex-assembly1,C,A,protein,protein,C,A
11ha-assembly1,C,B,protein,protein,C,B
11ha-assembly1,F,A,protein,protein,F,A
11hb-assembly1,B,A,protein,protein,B,A
11hb-assembly1,I-3,G-3,protein,protein,I-3,G-3
11lt-assembly1,D,A,protein,protein,D,A
11lt-assembly1,D,C,protein,protein,D,C
11ol-assembly1,B,A,protein,protein,B,A
11ol-assembly1,C,A,protein,protein,C,A
11oo-assembly1,A,B,protein,protein,A,B
11oq-assembly1,D,A,protein,protein,D,A
11oo-assembly1,D,B,protein,protein,D,B
11oq-assembly1,B,A,protein,protein,B,A
11ov-assembly1,D,A,protein,protein,D,A
11ov-assembly1,E,C,protein,protein,E,C
11tf-assembly1,B,A,protein,protein,B,A
11tf-assembly1,C,A,protein,protein,C,A
11zw-assembly1,C,A,protein,protein,C,A
11zw-assembly1,D,A,protein,protein,D,A
12iz-assembly1,D,A,protein,protein,D,A
12iz-assembly1,D,B,protein,protein,D,B
12oz-assembly1,B,A,protein,protein,B,A
12pb-assembly1,A,B,protein,protein,A,B
12qj-assembly1,C,B,protein,protein,C,B
13bf-assembly1,A,C,protein,protein,A,C
13bf-assembly1,B,C,protein,protein,B,C
13br-assembly1,B,C,protein,protein,B,C
13bs-assembly1,B,A,protein,protein,B,A
13bs-assembly1,C,A,protein,protein,C,A
13fj-assembly1,D,A,protein,protein,D,A
13fj-assembly1,E,A,protein,protein,E,A
13fl-assembly1,A,C,protein,protein,A,C
13fl-assembly1,B,C,protein,protein,B,C
9vb3-assembly1,F,C,protein,protein,F,C
9vaw-assembly1,F,C,protein,protein,F,C
9x40-assembly1,D,A,protein,protein,D,A
20zx-assembly1,E,D,protein,protein,E,D
21ag-assembly1,E,B,protein,protein,E,B
9v81-assembly1,D,A,protein,protein,D,A
21au-assembly1,A,E,protein,protein,A,E
21aq-assembly1,A,C,protein,protein,A,C
21aq-assembly1,B,C,protein,protein,B,C
21au-assembly1,C,E,protein,protein,C,E
21au-assembly1,D,E,protein,protein,D,E
21en-assembly1,B,E,protein,protein,B,E
22gk-assembly1,C,E,protein,protein,C,E
22cr-assembly1,C,E,protein,protein,C,E
9uwv-assembly1,D,A,protein,protein,D,A
22es-assembly1,E,A,protein,protein,E,A
22gm-assembly1,C,E,protein,protein,C,E
22hg-assembly1,C,A,protein,protein,C,A
22hg-assembly1,D,A,protein,protein,D,A
22hp-assembly1,B,A,protein,protein,B,A
22hp-assembly1,C,A,protein,protein,C,A
22hp-assembly1,D,A,protein,protein,D,A
22hp-assembly1,E,A,protein,protein,E,A
23iw-assembly1,E,B,protein,protein,E,B
23iv-assembly1,D,B,protein,protein,D,B
24xb-assembly1,C,D,protein,protein,C,D
24qh-assembly1,D,A,protein,protein,D,A
24ti-assembly1,E,C,protein,protein,E,C
24ti-assembly1,E,B,protein,protein,E,B
25il-assembly1,E,D,protein,protein,E,D
25nx-assembly1,D,A,protein,protein,D,A
25nx-assembly1,D,B,protein,protein,D,B
25pv-assembly1,B,A,protein,protein,B,A
25pv-assembly1,C,A,protein,protein,C,A
25st-assembly1,D,A,protein,protein,D,A
25su-assembly1,B,D,protein,protein,B,D
26ap-assembly1,A,B,protein,protein,A,B
9xjw-assembly1,D,A,protein,protein,D,A
9n29-assembly1,C,D,protein,protein,C,D
26xh-assembly1,F,E,protein,protein,F,E
9m1r-assembly1,C,A,protein,protein,C,A
27uh-assembly1,C,D,protein,protein,C,D
27xk-assembly1,E,A,protein,protein,E,A
27xk-assembly1,E,B,protein,protein,E,B
28qm-assembly1,A,B,protein,protein,A,B
28qn-assembly1,B,A,protein,protein,B,A
29on-assembly1,C,A,protein,protein,C,A
32nz-assembly1,A,B,protein,protein,A,B
35uh-assembly1,A,C,protein,protein,A,C
35uh-assembly1,B,C,protein,protein,B,C
35ui-assembly1,A,C,protein,protein,A,C
35ui-assembly1,B,C,protein,protein,B,C
35uj-assembly1,A,C,protein,protein,A,C
35uj-assembly1,B,C,protein,protein,B,C
9xny-assembly1,B,A,protein,protein,B,A
43yy-assembly1,B,A,protein,protein,B,A
9xny-assembly1,C,A,protein,protein,C,A
43yy-assembly1,C,A,protein,protein,C,A
8y71-assembly1,D,A,protein,protein,D,A
8y71-assembly1,D,B,protein,protein,D,B
9axw-assembly1,J,B,protein,protein,J,B
9dz4-assembly1,B,A,protein,protein,B,A
9dz4-assembly1,C,A,protein,protein,C,A
9gjg-assembly1,C,A,protein,protein,C,A
9ias-assembly1,C,B,protein,protein,C,B
9qp4-assembly1,C,A,protein,protein,C,A
9le9-assembly1,B,A,protein,protein,B,A
9le9-assembly1,D,A,protein,protein,D,A
9lf4-assembly1,B,A,protein,protein,B,A
9lf4-assembly1,C,A,protein,protein,C,A
9lf4-assembly1,D,A,protein,protein,D,A
9lf4-assembly1,E,A,protein,protein,E,A
9lfa-assembly1,B,A,protein,protein,B,A
9lfo-assembly1,E-2,D-2,protein,protein,E-2,D-2
9ll7-assembly1,E,C,protein,protein,E,C
9ll7-assembly1,E,A,protein,protein,E,A
9lqi-assembly1,A,B,protein,protein,A,B
9lqx-assembly1,D,A,protein,protein,D,A
9lw5-assembly1,D,A,protein,protein,D,A
9vmp-assembly1,E,A,protein,protein,E,A
9lw5-assembly1,E,A,protein,protein,E,A
9w2j-assembly1,C,E,protein,protein,C,E
9m1u-assembly1,D,A,protein,protein,D,A
9m1s-assembly1,D,B,protein,protein,D,B
9m42-assembly1,D,A,protein,protein,D,A
9m42-assembly1,D,B,protein,protein,D,B
9mnq-assembly1,A,C,protein,protein,A,C
9mnq-assembly1,B,C,protein,protein,B,C
9xxt-assembly1,D,B,protein,protein,D,B
9nsd-assembly1,B,A,protein,protein,B,A
9nw6-assembly1,G,A,protein,protein,G,A
9nyx-assembly1,A,C,protein,protein,A,C
9o3d-assembly1,A,D,protein,protein,A,D
9o3d-assembly1,B,D,protein,protein,B,D
9o7g-assembly1,A,B,protein,protein,A,B
9o7g-assembly1,C,B,protein,protein,C,B
9o7i-assembly1,C,B,protein,protein,C,B
9o7i-assembly1,D,B,protein,protein,D,B
9oeg-assembly1,A,D,protein,protein,A,D
9ofr-assembly1,A,B,protein,protein,A,B
9ofs-assembly1,A,B,protein,protein,A,B
9oj4-assembly1,A-2,C,protein,protein,A-2,C
9opr-assembly1,B,A,protein,protein,B,A
9opr-assembly1,C,A,protein,protein,C,A
9ov2-assembly1,A,B,protein,protein,A,B
9pa1-assembly1,D,E,protein,protein,D,E
9pa1-assembly1,D,B,protein,protein,D,B
9pa2-assembly1,E,B,protein,protein,E,B
9vo0-assembly1,D,C,protein,protein,D,C
9pfj-assembly1,B,A,protein,protein,B,A
9pfj-assembly1,C,A,protein,protein,C,A
9pfk-assembly1,B,A,protein,protein,B,A
9piu-assembly1,A,C,protein,protein,A,C
9piu-assembly1,B,C,protein,protein,B,C
9piw-assembly1,A,C,protein,protein,A,C
9piw-assembly1,B,C,protein,protein,B,C
9piz-assembly1,B,A,protein,protein,B,A
9pj1-assembly1,C,B,protein,protein,C,B
9pj1-assembly1,C,A,protein,protein,C,A
9pns-assembly1,B,A,protein,protein,B,A
9pns-assembly1,C,A,protein,protein,C,A
9psn-assembly1,C,A,protein,protein,C,A
9psp-assembly1,D,A,protein,protein,D,A
9psn-assembly1,G,A,protein,protein,G,A
9psn-assembly1,H,A,protein,protein,H,A
9psp-assembly1,G,A,protein,protein,G,A
9pum-assembly1,A,C,protein,protein,A,C
9pur-assembly1,C,A,protein,protein,C,A
9pup-assembly1,A,B,protein,protein,A,B
9q5t-assembly1,A,C,protein,protein,A,C
9q5t-assembly1,B,C,protein,protein,B,C
9q68-assembly1,A,C,protein,protein,A,C
9q68-assembly1,B,C,protein,protein,B,C
9qru-assembly1,D,C,protein,protein,D,C
9qty-assembly1,B,C,protein,protein,B,C
9qsh-assembly1,D,C,protein,protein,D,C
9rhf-assembly1,B,A,protein,protein,B,A
9rh8-assembly1,C,A,protein,protein,C,A
9rmk-assembly1,B,A,protein,protein,B,A
9ruf-assembly1,C,B,protein,protein,C,B
9rug-assembly1,A,C,protein,protein,A,C
9rug-assembly1,B,C,protein,protein,B,C
9ruh-assembly1,B,D,protein,protein,B,D
9rwi-assembly1,D,B,protein,protein,D,B
9rwi-assembly1,E,B,protein,protein,E,B
9rxi-assembly1,F-2,A,protein,protein,F-2,A
9s6k-assembly1,A,B,protein,protein,A,B
9s6r-assembly1,A,C,protein,protein,A,C
9s6u-assembly1,B,A,protein,protein,B,A
9s6t-assembly1,B,A,protein,protein,B,A
9slq-assembly1,G,B,protein,protein,G,B
9tux-assembly1,A,C,protein,protein,A,C
9tux-assembly1,B,C,protein,protein,B,C
9tvt-assembly1,E,A,protein,protein,E,A
9tvt-assembly1,F,A,protein,protein,F,A
9tvt-assembly1,G,A,protein,protein,G,A
9tvt-assembly1,J,A,protein,protein,J,A
9uam-assembly1,E,B,protein,protein,E,B
9upr-assembly1,A,D,protein,protein,A,D
9upr-assembly1,C,D,protein,protein,C,D
9utf-assembly1,A,B,protein,protein,A,B
9utf-assembly1,C,B,protein,protein,C,B
9uvv-assembly1,B,A,protein,protein,B,A
9uvv-assembly1,C,A,protein,protein,C,A
9v0o-assembly1,A,B,protein,protein,A,B
9vdy-assembly1,C,A,protein,protein,C,A
9vdy-assembly1,D,A,protein,protein,D,A
9vdz-assembly1,B,C,protein,protein,B,C
9vl2-assembly1,E,D,protein,protein,E,D
9vl2-assembly1,F,D,protein,protein,F,D
9vmg-assembly1,E,B,protein,protein,E,B
9vz3-assembly1,D,A,protein,protein,D,A
9vud-assembly1,A,B,protein,protein,A,B
9vup-assembly1,B,A,protein,protein,B,A
9vwo-assembly1,B,A,protein,protein,B,A
9vwp-assembly1,C,A,protein,protein,C,A
9vxh-assembly1,A,D,protein,protein,A,D
9vxl-assembly1,B,C,protein,protein,B,C
9w3f-assembly1,B,A,protein,protein,B,A
9w3l-assembly1,B,A,protein,protein,B,A
9w41-assembly1,C,A,protein,protein,C,A
9w41-assembly1,C,D,protein,protein,C,D
9w43-assembly1,A,C,protein,protein,A,C
9w43-assembly1,B,C,protein,protein,B,C
9wg4-assembly1,A,C,protein,protein,A,C
9w45-assembly1,D,A,protein,protein,D,A
9w6u-assembly1,B,A,protein,protein,B,A
9w6u-assembly1,D,A,protein,protein,D,A
9w6u-assembly1,E,A,protein,protein,E,A
9w7j-assembly1,A,C,protein,protein,A,C
9w7j-assembly1,B,C,protein,protein,B,C
9w89-assembly1,B,A,protein,protein,B,A
9w8a-assembly1,B,A,protein,protein,B,A
9wey-assembly1,B,C,protein,protein,B,C
9wey-assembly1,B,D,protein,protein,B,D
9x20-assembly1,F,C,protein,protein,F,C
9x20-assembly1,F,D,protein,protein,F,D
9x9z-assembly1,B,A,protein,protein,B,A
9x9z-assembly1,C,A,protein,protein,C,A
9xa4-assembly1,A,C,protein,protein,A,C
9xa4-assembly1,B,C,protein,protein,B,C
9xa5-assembly1,B,A,protein,protein,B,A
9xar-assembly1,B,A,protein,protein,B,A
9xf9-assembly1,B,A,protein,protein,B,A
9xf9-assembly1,C,A,protein,protein,C,A
9xi1-assembly1,C,B,protein,protein,C,B
9xi1-assembly1,D,B,protein,protein,D,B
9xi2-assembly1,C,B,protein,protein,C,B
9xi2-assembly1,D,B,protein,protein,D,B
9xi4-assembly1,C,B,protein,protein,C,B
9xi4-assembly1,D,B,protein,protein,D,B
9xi6-assembly1,C,B,protein,protein,C,B
9xi6-assembly1,D,B,protein,protein,D,B
9xi9-assembly1,A,D,protein,protein,A,D
9xi9-assembly1,B,D,protein,protein,B,D
9xi9-assembly1,C,D,protein,protein,C,D
9xi9-assembly1,E,D,protein,protein,E,D
9xtu-assembly1,D,C,protein,protein,D,C
9xtu-assembly1,E,C,protein,protein,E,C
9xy4-assembly1,C,D,protein,protein,C,D
9xyb-assembly1,A,C-2,protein,protein,A,C-2
9xzx-assembly1,B,A,protein,protein,B,A
9xzx-assembly1,C,A,protein,protein,C,A
9y3x-assembly1,C,A,protein,protein,C,A
9y3z-assembly1,B,A,protein,protein,B,A
9y3x-assembly1,D,A,protein,protein,D,A
9y3z-assembly1,C,A,protein,protein,C,A
9y41-assembly1,C,A,protein,protein,C,A
9y41-assembly1,D,A,protein,protein,D,A
9y7l-assembly1,B,A,protein,protein,B,A
9y7m-assembly1,C,B,protein,protein,C,B
9ybg-assembly1,A,C,protein,protein,A,C
9ybg-assembly1,B,C,protein,protein,B,C
9ybh-assembly1,A,C,protein,protein,A,C
9ybh-assembly1,B,C,protein,protein,B,C
9yfu-assembly1,B,A,protein,protein,B,A
9yfu-assembly1,D,A,protein,protein,D,A
9ygz-assembly1,D,B,protein,protein,D,B
9yxv-assembly1,F,C,protein,protein,F,C
9yxv-assembly1,F,A,protein,protein,F,A
9yxv-assembly1,G,A,protein,protein,G,A
9yxw-assembly1,B,A,protein,protein,B,A
9yxw-assembly1,C,A,protein,protein,C,A
9yz7-assembly1,B,A,protein,protein,B,A
9yz8-assembly1,B,A,protein,protein,B,A
9yz9-assembly1,B,A,protein,protein,B,A
9z12-assembly1,A,C,protein,protein,A,C
9z18-assembly1,A,C,protein,protein,A,C
9z18-assembly1,B,C,protein,protein,B,C
9z3j-assembly1,C,B,protein,protein,C,B
9z3j-assembly1,D,B,protein,protein,D,B
9z63-assembly1,B,A,protein,protein,B,A
9z66-assembly1,B,A,protein,protein,B,A
9z63-assembly1,C,A,protein,protein,C,A
9z66-assembly1,C,A,protein,protein,C,A
9z76-assembly1,B,A,protein,protein,B,A
9z78-assembly1,B,A,protein,protein,B,A
9z78-assembly1,C,A,protein,protein,C,A
9z7a-assembly1,B,A,protein,protein,B,A
9z79-assembly1,B,A,protein,protein,B,A
9z7a-assembly1,C,A,protein,protein,C,A
9z79-assembly1,C,A,protein,protein,C,A
9z9e-assembly1,B,A,protein,protein,B,A
9z9e-assembly1,C,A,protein,protein,C,A
9z9f-assembly1,A,F,protein,protein,A,F
9zeo-assembly1,K,J,protein,protein,K,J
9zeo-assembly1,K,I,protein,protein,K,I
9zr7-assembly1,B,A,protein,protein,B,A
9zr7-assembly1,C,A,protein,protein,C,A
9zrm-assembly1,A,C,protein,protein,A,C
9zrm-assembly1,B,C,protein,protein,B,C
9zrn-assembly1,A,C,protein,protein,A,C
9zro-assembly1,A,C,protein,protein,A,C
9zro-assembly1,B,C,protein,protein,B,C
9zrp-assembly1,A,C,protein,protein,A,C
9zrp-assembly1,B,C,protein,protein,B,C
9zzo-assembly1,A,B,protein,protein,A,B
9zzo-assembly1,A,C,protein,protein,A,C
9zzo-assembly1,D,B,protein,protein,D,B
